<?xml version="1.0" encoding="UTF-8"?>
<!DOCTYPE resources PUBLIC "-//GlassFish.org//DTD GlassFish Application Server 3.1 Resource Definitions//EN" "http://glassfish.org/dtds/glassfish-resources_1_5.dtd">
<resources>
    <jdbc-connection-pool allow-non-component-callers="false" associate-with-thread="false" connection-creation-retry-attempts="0" connection-creation-retry-interval-in-seconds="10" connection-leak-reclaim="false" connection-leak-timeout-in-seconds="0" connection-validation-method="auto-commit" datasource-classname="oracle.jdbc.pool.OracleDataSource" fail-all-connections="false" idle-timeout-in-seconds="300" is-connection-validation-required="false" is-isolation-level-guaranteed="true" lazy-connection-association="false" lazy-connection-enlistment="false" match-connections="false" max-connection-usage-count="0" max-pool-size="32" max-wait-time-in-millis="60000" name="oracle-thin_XE_DBECDPool" non-transactional-connections="false" pool-resize-quantity="2" res-type="javax.sql.DataSource" statement-timeout-in-seconds="-1" steady-pool-size="8" validate-atmost-once-period-in-seconds="0" wrap-jdbc-objects="false">
        <property name="serverName" value="192.168.200.9"/>
        <property name="portNumber" value="1521"/>
        <property name="databaseName" value="XE"/>
        <property name="User" value="DBECD"/>
        <property name="Password" value="tsys.2015"/>
        <property name="URL" value="jdbc:oracle:thin:@192.168.200.9:1521:XE"/>
        <property name="driverClass" value="oracle.jdbc.OracleDriver"/>
    </jdbc-connection-pool>
    <jdbc-resource enabled="true" jndi-name="prueba" object-type="user" pool-name="oracle-thin_XE_DBECDPool"/>
    <jdbc-resource enabled="true" jndi-name="PRUEBA" object-type="user" pool-name="oracle-thin_XE_DBECDPool"/>
</resources>
