<?xml version="1.0" encoding="UTF-8"?>
<configuration>
    <properties>
        <property name="path">/var/log/weblogic_logs</property>
        <property name="name">tsys-back-end-skeleton</property>        
        <property name="pattern">%d{dd-MM-yyyy HH:mm:ss.SSS}|%-5.5p|%-20.20C:%-5.5L|%msg%n</property>        
    </properties>
    <appenders>
        <RollingFile name="RollingFile" 
                     fileName="${path}/${name}.log"
                     filePattern="${path}/${name}-%d{dd-MM-yyyy}-%i.log">
            <PatternLayout>
                <pattern>${pattern}</pattern>
            </PatternLayout>
            <Policies>
                <!--Rotate todos los dias-->
                <TimeBasedTriggeringPolicy />
                <!--Tamanio maximo de los archivos .log-->
                <SizeBasedTriggeringPolicy size="20 MB"/>
            </Policies>
            <!--Numero de archivos que se mantendran como historicos-->
            <DefaultRolloverStrategy max="60"/>
        </RollingFile>
    </appenders>
    <loggers>
        <!--El nivel minimo a monitorear, de esta forma tambien se monitorean los error y fatal-->
        <root level="info">
            <!--<appender-ref ref="Console"/>-->
            <appender-ref ref="RollingFile"/>
        </root>
    </loggers>
</configuration>